gender,game_count,score,id
BOTH,1,1872.9409284073,48
FEMALE,1,1896.93373198,47
MALE,1,3248.1764433435,43
NOT_KNOW,1,3135.3374265143,30
