gender,best_score,game_count
BOTH,1872.9409284073,1
FEMALE,1896.93373198,5
MALE,3248.1764433435,47
NOT_KNOW,3135.3374265143,1
