gender,best_score
BOTH,1872.9409284073
FEMALE,1896.93373198
MALE,3248.1764433435
NOT_KNOW,3135.3374265143
