gender,mean_time
BOTH,1.8626896551724144
FEMALE,2.6059754689754686
MALE,2.2413803981377436
NOT_KNOW,1.736140065146581
