gender,mean_score
BOTH,1872.9409284073
FEMALE,555.944372711786
MALE,1092.8513163961331
NOT_KNOW,3135.3374265143
