small,big,slow,fast,gender
2.324219518938351,2.207489537382642,2.030603553998244,2.618438325498097,MALE
2.553241206030151,2.6272186234817796,2.5578326446280992,2.7174641148325396,FEMALE
1.7436243093922643,1.7330115473441112,1.2904560669456067,2.0201893333333336,NOT_KNOW
1.8713712121212116,1.8589075907590749,1.471713080168777,2.3306767676767675,BOTH
