age,game_count,score,id
<15,3,136.74899334477,45
15-25,1,3248.1764433435,43
25-45,2,1348.7695903009,3
45-60,1,754.93197933875,39
