age,best_score,game_count
<15,136.74899334477,3
15-25,3248.1764433435,66
25-45,1348.7695903009,12
45-60,754.93197933875,9
