age,mean_score
<15,136.74899334477
15-25,1278.7189367358965
25-45,820.6450957808191
45-60,535.113276587368
