preferred_playing_style,mean_score
GAMEPAD,598.0438728609421
MOUSE_AND_KEYBOARD,1185.0130126163615
PHONE,233.090565912545
