age,best_score
<15,136.74899334477
15-25,3248.1764433435
25-45,1348.7695903009
45-60,754.93197933875
