age,mean_time
<15,3.6450612244897966
15-25,2.1233570769514607
25-45,2.45380251276011
45-60,2.8249751958224563
